label,text
fake,Dilma vai continuar sufocando o brasileiro. Vem aí um novo aumento no preço dos combustíveis. .  Entre as medidas estão o aumento da Cide ( contribuição que regula o preço de combustíveis ) e de outros impostos chamados reguladores;  como IOF (Imposto sobre Operações Financeiras). A ideia é anunciar as medidas somente em janeiro. O ministro da Fazenda Joaquim Levy (Fazenda) afirmou que "a Cide é boa;  tem várias coisas a favor";  em um recado de que a alta do tributo faz parte dos planos do governo petista. As medidas servirão como uma espécie de "plano B" caso o Congresso não aprove nenhuma das propostas apresentadas pelo governo para garantir mais dinheiro no caixa no próximo ano;  como a recriação da CPMF e a repatriação de dinheiro de brasileiros no exterior. O "plano B" foi encomendado pela presidente Dilma à sua equipe econômica e;  inicialmente;  está planejado para ser divulgado em janeiro depois de uma avaliação sobre o que foi de fato aprovado no Congresso. O governo nega a existência do plano porque quer evitar que deputados e senadores desistam da aprovação das medidas do ajuste fiscal.
fake,Jornalista australiano destrói a imagem da Rio 2016: "Favela olímpica;  mar fedorento;  dengue e bandidos".  Richard Hinds;  jornalista do The Daily Telegraph ;  não poupou críticas à Vila Olímpica e fuzilou: "É uma favela olímpica".  (João Pedro Diniz  exclusivo para o Diário do Brasil) O artigo foi publicado hoje (26) Hinds disse: "Nossos conterrâneos australianos não gostaram da tentativa do Comitê Organizador de substituir a tradicional Vila Olímpica por uma Favela Olímpica;  ao estilo Rio. Isso dará aos atletas a chance de experimentar as condições de vida de boa parte dos brasileiros;  para quem água encanada;  esgoto e paredes são opcionais extras" ;  escreveu o colunista. O jornalista ainda detonou as condições do Velódromo (pista artificial que receberá provas de ciclismo);  que está com a pista suja e faz os ciclistas escorregarem;  e da poluída Baía da Guanabara;  onde serão realizadas as competições de vela. "Alguns ciclistas já estão conseguindo parar de pé no velódromo;  e o cheiro do mar teve a classificação diminuída de "corpo apodrecendo" para "saco de peixes esquecido no sol" ;  escreveu. Com relação à segurança na cidade maravilhosa;  Hinds foi irônico: "Eu e meus seis guarda-costas armados andamos tranquilamente pelos hotéis e pelas piscinas sem nenhuma ameaça significativa até agora" Sobre o vírus Zika;  ele disparou: "O Comitê Organizador me garantiu que;  após aplicação de repelente de mosquitos;  é perfeitamente seguro apreciar tudo o que o Rio tem a oferecer. Também me garantiram que todos os atletas roubados e sequestrados por bandidos armados serão soltos a tempo de disputarem suas competições" ;  finalizou. leia também:
fake,Na mão grande? TCU vai fazer auditoria para apurar se Lula desviou bens do Palácio do Planalto.  Há suspeita de que bens pertencentes à União tenham sido levados pelo petista.  O senador Ronaldo Caiado vai pedir que o Tribunal de Contas da União (TCU) que faça uma auditoria para apurar possíveis desvios ou desaparecimento de bens dos palácios do Planalto e da Alvorada. O requerimento foi aprovado (sem contestações) ontem (09) à noite pelos senadores. Caiado alega que a Polícia Federal apura "a retirada de bens do Palácio do Planalto ao fim do mandato do ex-presidente Lula;  e armazenado em um depósito em São Bernardo do Campo;  na região metropolitana de São Paulo". "A PF já catalogou e fotografou para verificação de dano à União. Cabe agora darmos total transparência ao processo";  disse o senador Ronaldo Caiado. O senador diz que há suspeita de que bens pertencentes à União tenham sido levados pelo petista. Investigações da Operação Lava-Jato apontam que parte da mudança do ex-presidente foi armazenada em uma empresa especializada de São Paulo;  que recebeu R$ 1; 3 milhão da construtora OAS;  entre 2011 e 2016;  para guardá-la em depósito. (Congresso em Foco)
fake,Carmem Lucia esculacha Michel Temer. A presidente do STF; ministra Carmem Lucia; esculachou o presidente Michel Temer em função da suposta tentativa de usar a ABIN para devastar a vida do ministro Edson Fachin. Temer tenta desqualificar moralmente seus acusadores para se ver livre da acusação de corrupção passiva por parte da Friboi e Odebrecht; mas a ministra esculachou sem pena.  Em nota divulgada neste sábado; a presidente do Supremo Tribunal Federal; ministra Cármen Lúcia; afirma que é inadmissível a prática de gravíssimo crime contra o STF; contra de democracia e contra as liberdades; se confirmada informação de devassa ilegal da vida de um de seus integrantes. Reportagem de VEJA desta semana informa que o governo; em ofensiva contra a Lava Jato; acionou a Agência Brasileira de Inteligência (Abin) para bisbilhotar a vida do ministro Edson Fachin; relator do inquérito aberto contra o presidente Michel Temer por corrupção; organização criminosa e obstrução de Justiça. Própria das ditaduras; continua Cármen Lúcia; como é esta prática; contrária à vida livre de toda a pessoa; mais gravosa é ela se voltada contra a responsável atuação de um juiz; sendo absolutamente inaceitável numa República Democrática; pelo que tem de ser civicamente repelida; penalmente apurada e os responsáveis exemplarmente processados e condenados na forma da legislação vigente.O Supremo Tribunal Federal repudia; com veemência; espreita espúria; inconstitucional e imoral contra qualquer cidadão e; mais ainda; contra um de seus integrantes; mais ainda se voltada para constranger a Justiça; afirma a presidente da Corte. Se comprovada a sua ocorrência; em qualquer tempo; as consequências jurídicas; políticas e institucionais terão a intensidade do gravame cometido; como determinado pelo direito.Também em nota; divulgada ontem; o presidente Michel Temer negou que tenha usado a Abin para investigar a vida do ministro Fachin. O governo não usa a máquina pública contra os cidadãos brasileiros; muito menos fará qualquer tipo de ação que não respeite aos estritos ditames da lei; diz o comunicado.
fake,Pedido de impeachment de Dilma é dado como certo.Cunha está abandonado e não tem nada a perder.  Governo sinaliza que não quer mais acordo com Eduardo Cunha e oposição não se mostra favorável ao presidente da Câmara. Cunha está sendo abandonado!.  A rádio Jovem Pan;  através do repórter José M. Trindade divulgou agora pouco que circula em Brasília a idéia de que o presidente da Câmara dos Deputados;  Eduardo Cunha (PMDB-RJ);  vai mesmo abrir um processo de impeachment contra a presidente Dilma Rousseff. A situação já foi informada para alguns aliados. O que não se sabe ainda é quando isso deve acontecer. Pressionado  e com um processo de cassação no Conselho de Ética;  esse será o "último tiro" de Cunha;  sua última cartada para tentar se livrar de uma provável cassação de mandato. Integrantes do PSDB já haviam dado um ultimato a Cunha deputado em relação ao impeachment de Dilma. O prazo dado a Cunha para ele se posicionar em relação ao pedido de impeachment elaborado por Hélio Bicudo e Miguel Reale Jr.;  que cita as "pedaladas fiscais" do governo como principal argumento jurídico;  era até o próximo domingo;  dia 15. O repórter Trindade informou ainda que a repercussão em relação às explicações de Cunha sobre a origem do dinheiro em suas contas na Suíça não foi boa entre deputados. Ninguém acreditou. Cunha alega também que o ex-deputado já falecido Fernando Diniz;  do PMDB;  fez depósitos em seu nome na Suíça. Filho de Fernando;  Felipe Diniz negou o ocorrido em depoimento à Procuradoria-Geral da República. Fernando era amigo de Cunha. O filho;  porém;  tentou falar pessoalmente com o presidente da Câmara;  que não quis conversa e lhe pediu para procurar seus advogados.
true,Em evento com Alckmin e Doria; FHC defende prévias do PSDB para definir candidato à PresidênciaEx-presidente disse em evento em São Paulo que é bom partido ter vários nomes como possíveis candidatos.O ex-presidente Fernando Henrique Cardoso (PSDB) defendeu nesta segunda-feira (11) que o partido faça prévias internas até março de 2018 para decidir quem será o candidato do PSDB à Presidência da República.Em evento para empresários realizado em um hotel na Zona Sul de São Paulo; Fernando Henrique disse que “é uma coisa boa ter vários nomes” dentro do partido como possíveis candidatos; referindo-se à disputa entre o governador do estado; Geraldo Alckmin; e prefeito da capital; João Doria; como possíveis cotados da sigla à corrida presidencial. O evento foi organizado pelo Lide - Grupo de Líderes Empresariais; que pertence ao Grupo Doria.Tanto Doria quanto Alckmin estavam presentes na palestra realizada por Fernando Henrique; que foi patrocinada pelo Grupo Lide (Grupo de Líderes Empresariais). O ex-presidente disse que tanto as pesquisas de opinião pública quanto a opinião interna; dos militantes do partido; serão levadas em consideração para a decisão de quem será o candidato. Segundo FHC; vai vencer quem tiver uma “melhor narrativa” com chances de vitória.“É uma coisa boa ter vários nomes. Quantos partidos têm pelo menos dois? PSDB sempre foi atormentado por perguntas a respeito. Vocês têm A; B; C; D ou E. Bom; tomara que tenha F; H; que sou eu. Quanto mais nomes; melhor. E os partidos têm que se acostumar com várias lideranças. O partido não é dominado por uma pessoa só; tem várias lideranças; e como se resolve isso no limite com voto no partido”; afirmou.“Líder político você não faz por decreto; ele tem que ser capaz de convencer os outros; tem que ter linguagem racional e sentimental; corporal e tudo mais que os outros percebam: 'Oh; eu posso confiar neste cara'. Às vezes se engana; a vida é assim. O PSDB tem vários; estamos tentando; vamos ver quem vai ser capaz de comover realmente a sociedade”; afirmou; defendendo como positiva a competição interna no partido.“Eu acho bom (a competição interna no partido). Quanto mais se vise à competição; melhor. Eu vejo que esta disputa é muito mais na boca dos outros do que na deles. De qualquer maneira; eu acho que é natural que as pessoas aspirem posições e não há nenhum erro nisso. Feliz o partido que tem muitos que tem vontade de ser presidente”; salientou.Fernando Henrique disse que as prévias internas do partido para decidir quem será o seu candidato serão feitas considerando as pesquisas de opinião e que quem desejar representar o partido tem que construir “uma narrativa”.“As pessoas têm que ter a capacidade; se quiserem ser líderes e te voto; tem que ter questões que sejam relevantes para aqueles que vão votar. Todo partido quer; como é natural; ganhar a eleição: tem que esperar e ver quem realmente tem uma narrativa que corresponda ao sentimento daquela parcela da população na qual você acredita que seja melhor para o país “; salientou.Quando questionado sobre quando será a prévia interna do PSDB; ele defendeu que isso seja feito até março de 2018. “Eu acho que precisa se levar em consideração que os partidos precisam de tempo para fazer a campanha. Não adianta fazer uma prévia muito próxima do momento em que fazer a campanha. Qual é este momento? Eu diria que o limite máximo é março. Se vai ser em dezembro ou março; eu não sei; eu não sou membro ativo do PSDB; sou presidente de honra. Eu não sei qual vai ser o processo; mas acho que deve ser a tempo para se fazer a campanha”; salientou.“Pode ter pesquisa de opinião e vai haver; porque as empresas de pesquisa vão fazer e isso vai ter peso; sempre tem peso. E se este peso será suficiente para impor a decisão à decisão aos militantes do partido; isso é outra questão; ai pode haver prévia também”; salientou.Durante palestra a empresários; o ex-presidente defendeu que; em um momento de crise política; a sociedade precisa de um novo nome que una todas as dissidências. Perguntado sobre se o “novo” a que se referia poderia ser interpretado pelo nome de Doria; ele afirmou categoricamente que não.“Não; não pode. Eu disse que claramente que novo são as ideias. Quem for capaz de ter uma narrativa convincente é quem tem mais chance de ganhar. Mas a narrativa tem que ser construída; e está sendo construída; não é uma coisa que se faz de repente. Não se trata de saber se é este ou aquele. Mas aquele vai dizer o que? Qual é a proposta? Vai tocar o coração de quem?”; afirmou.Delação de JoesleyAo responder a perguntas de jornalistas sobre se a delação premiada de um dos donos da J&F; Joesley Batista; que levou da Procuradoria-Geral da República a denunciar o presidente Michel Temer por corrupção passiva; ter caído em descrédito; após a prisão do próprio Joesley por esconder áudios da Procuradoria; Fernando Henrique defendeu a confirmação dos dados informados nas delações para verificar a vercidade dos fatos.“Se há delação; acredita-se que houve indício. E se; além do indício; encontrar elementos comprovatórios de um crime; (a delação) vai valer. O fato de a pessoa for ou é também um fanfarrão - e é bastante um fanfarrão - não é suficiente para anular se os indícios levarem também a uma coisa mais concreta que a palavra dele"; afirmou. "Tem que se avaliar e complementar a delação com outros depoimentos; outras delações e controvérsias; elementos probatórios e materiais; se houver. Mas não sou advogado"; disse o ex-presidente.
true,A grande asneira das contrapartidas. A pior reciprocidade que alguém pode propor é aquela que prejudica o proponente.  Nosso correspondente britânico pede que reclamemos dos inúmeros assessores de imprensa que o assediam com informações de várias espécies; todas elas repletas de clichês sem sentido que transformam um motor de popa e um bolo de chocolate no mesmo que um hotel cinco estrelas . “ It’s amazing; my friends : o uso do termo paraíso (ou paradisíaco) chegou ao ápice. Recebo informações que falam tanto do paraíso que são as praias das Seychelles ; quanto do Paraíso das Pamonhas ; numa rodovia em Minas Gerais ; ou o Paraíso dos Pneumáticos ; com ofertas de ótimos recauchutados. Oh; my God? Onde andarão Adão e Eva? Ah; certamente em algum aposento icônico – que; como disse my friend Riq Freire; deve ter o formato de um cone. Ou num andar emblemático; talvez decorado com o emblema do Arsenal ; do Corinthians ou do Crystal Palace . Poupem-me; please : não vou a lugar para todos os bolsos e todos os gostos; nem a terras de contrastes. Shut up; please !” A seguir; a correspondência da semana: Caríssimo Mr. Miles: tenho lido; com alívio; que o processo de oferecer vistos a viajantes estrangeiros; agora eletrônico; vai facilitar a entrada de turistas no Brasil. Já não era sem tempo! O senhor não acha? Clayton Magalhães; por e-mail “ Well; my friend : como é fato notório; sou um inimigo de fronteiras ; nacionalismos e burocracia . Vivo dizendo que; algum dia; o homem perceberá que todo o planeta é uma extensão de seu yard e que cada pessoa será mais completa quanto melhor conhecer toda a diversidade geográfica ; geológica ; humana ; gastronômica ; comportamental ; musical ; ideológica e religiosa que tem à disposição; desenvolvida por curtos milênios de vida apartada por distâncias já hoje superáveis. Anyway ; há situações diplomáticas que chegam a ser humorísticas . A tal da reciprocidade; for instance . O termo pode designar a resposta positiva a um ato positivo; usually ; however ; é usado para responder um ato negativo com outro ato negativo. No futebol; uma canelada costuma ser compensada por outra canelada recíproca; no trânsito; um impropério tem; como recíproca; outro impropério. Entre vizinhos; a recíproca para o volume alto de um aparelho de som costuma ser o volume ainda mais alto do rival; até que a vida auditiva torne-se insuportável para ambos. Em todos os casos; percebe-se a inteligência dos muares – ainda que; a s you know ; não haja reciprocidade entre mulas; burros; asnos e sua péssima reputação. Nevertheless ; a pior reciprocidade que alguém pode propor é aquela que prejudica o proponente . Vejamos: algum burocrata ( my God : sempre eles!) cria normas que dificultam a aquisição de seu remédio e; como recíproca; você deixa de comprá-los; sofrendo uma morte lenta e dolorosa. O Brasil – e outras nações – praticam a reciprocidade sem qualquer relutância . “Ah: seu país exige visto de meus cidadãos? Então vou exigir visto dos seus! Justo é justo! Ninguém há de passar por cima de nossa soberania.” A situação já é insensata anyway . Don’t you agree ? Vejam o que acontece quando a reciprocidade é aplicada a forças economicamente desiguais. Tenho um amigo canadense que vive querendo trazer seus compatriotas para o Brasil. Jimmy Duchamp – este é seu nome – é um entusiasta de vossas praias. Já fez as contas e viu que é perfeitamente possível fretar um avião e trazer seu povo para cá. Mas há um problema: a necessidade de visto encarece a viagem . Pior: a demora para obtê-los nas pouco equipadas casas consulares brasileiras no Canadá acaba fazendo com que os Canadians – eméritos viajantes em fuga do frio – prefiram sempre alguma ilha do Caribe que não lhes exija um monte de papéis e carimbos. Fenômeno parecido ocorre com norte-americanos ; mexicanos e muitos outros povos amigos do Brasil . Não tenho números; mas ouso dizer que o maior país da América Latina tem perdido bilhões de dólares com essa coisa de responder a impropérios no trânsito. Por isso; my friend ; concordo com você que a adoção dos vistos eletrônicos – mais rápidos e operacionais – aumentará o fluxo de viajantes nas terras de Santa Cruz . Anyway ; uma reavaliação da reciprocidade (e; em última instância; das burocracias fronteiriças) seria ainda melhor. É O HOMEM MAIS VIAJADO DO MUNDO. ELE ESTEVE EM 183 PAÍSES E  16 TERRITÓRIOS ULTRAMARINOS. SIGA-O NO INSTAGRAM @MRMILESOFICIAL .
true,Retrospectiva 2017: os principais casos com mortes na região . Relembre fatos como as três chacinas em Campinas; o carro que caiu de 11 metros de altura em Viracopos e o bebê que morreu em creche; entre outros. .  Três chacinas; carro com duas ocupantes que caiu de 11 metros de altura no Aeroporto de Viracopos e bebê que morreu no primeiro dia de aula na creche são casos de morte que ganharam destaque na região de Campinas (SP) este ano. Veja abaixo os fatos que marcaram 2017; em ordem cronológica: Durante uma festa de réveillon em Campinas (SP); um homem invadiu a casa aonde a ex-mulher e o filho de 8 anos comemoravam a virada do ano com amigos e familiares; e matou a tiros os dois e outras dez pessoas que participavam da festa. O atirador; que se matou após o crime; era técnico de um centro de pesquisas federal e brigava com a ex-companheira pela guarda da criança. A Polícia Civil concluiu o inquérito sobre a chacina 26 dias depois do ocorrido; sem saber a origem da arma. Leia mais. Uma vigilante do Centro de Saúde São Domingos; em Campinas (SP); morreu baleada no estacionamento do local; no dia 23 de janeiro. Raquel Nascimento; de 32 anos; chegou a ser socorrida; mas não resistiu aos ferimentos. Ela deixou cinco filhos. Em 16 de fevereiro; um homem de 39 anos; que é tio da vítima; foi preso como suspeito por ter cometido o crime. Ele alegou à polícia que se relacionava com a sobrinha e que decidiu matá-la por ter contraído o vírus HIV. Leia mais Na tarde do dia 29 de abril; um avião modelo Twin Comanche foi encontrado em uma área de mata na zona rural de Itapira (SP). Ele havia saído no dia anterior do Aeroclube de Campinas (SP); nos Amarais; e foi encontrado quase 16 horas depois. Um vídeo obtido pela EPTV ; afiliada da TV Globo; mostra o momento exato da queda do avião bimotor. Duas pessoas que estavam a bordo da aeronave morreram - um piloto instrutor de voo e um aluno. Leia mais Na madrugada do dia 14 de maio; uma mulher grávida de nove meses e um dos filhos dela; de dez anos; morreram em um acidente de carro em Hortolândia (SP). Segundo o boletim de ocorrência; um motorista embriagado entrou na contramão da estrada onde o veículo das vítimas passava. O homem de 28 anos foi preso em flagrante e outras três pessoas ficaram feridas com a colisão. Leia mais Em agosto a família de uma bebê de quatro meses registrou boletim de ocorrência na Polícia Civil pela morte da criança durante o período de adaptação em uma creche de Campinas (SP). O caso ocorreu no dia 8 de agosto; momentos depois de a escola enviar uma mensagem para a mãe informando que a criança passava bem. O laudo feito pelo Insitituto Médico Legal (IML) apontou que a bebê foi vítima de sufocamento por alimento. De acordo com a Prefeitura; a creche não possuía alvará de funcionamento à época do ocorrido e a unidade ficou fechada até a obtenção da licença municipal. Leia mais O dia 26 de agosto ficou marcado por um grave acidente. Um carro caiu de uma altura de 11 metros na área de embarque do Aeroporto Internacional de Viracopos; em Campinas (SP). Duas mulheres estavam no veículo e morreram. A motorista perdeu o controle do veículo; que passou pelo guard-rail de ferro e vidro e caiu. A perícia do Instituto de Criminalística (IC) de Campinas (SP) constatou que o pedal do veículo estava travado por um chinelo. Uma das vítimas morava na Alemanha e veio ao Brasil defender a tese de doutorado na Unicamp. A outra era doutora em filosofia. Leia mais Na noite do dia 29 de outubro; quatro jovens com idades entre 16 e 22 anos foram mortos por disparos de armas de fogo no Jardim Satélite Íris; em Campinas (SP). De acordo com o boletim de ocorrência; as vítimas estavam em um baile funk e foram levadas para outra rua do bairro; onde morreram. Em 15 de novembro; o delegado descartou a possibilidade de participação de policiais no crime. Segundo as investigações; três homens armados executaram os quatro jovens em um terreno baldio a cerca de 600 metros da chácara. Ninguém foi preso. Leia mais Na manhã do dia 30 de outubro; uma segunda-feira; um homem de 28 anos matou cinco pessoas e feriu a ex-namorada; em Campinas (SP). Entre as cinco vítimas; três são da família do atirador Ricardo Gallo - o pai e duas irmãs -; além do vizinho e do companheiro de uma ex-namorada do atirador. Após efetuar os disparos; o Gallo chegou a ser perseguido pela Polícia Militar e; então; se matou com um tiro na cabeça. Segundo a corporação; o suicídio aconteceu em um dos acessos da Rodovia Anhanguera. Leia mais
true,A declaração de diretor geral da PF de que o inquérito do Porto de Santos vai ser encerrado sem ser caracterizado crime de corrupção de Temer; que o nomeou; é completamente desastrada. E não é a primeira: já o apelidei de Fernando Por qué no te callas Segóvia ; porque ele sempre tende a falar demais e não é por acaso que sempre está armando alguma defesa prévia de Temer. Antes; tentou transformar a corridinha ridícula e suspeita de Rodrigo Rocha Loures com uma mala contendo R$ 500 mil em algo corriqueiro; não criminoso. Foi nomeado apenas pra livrar a cara do chefão nos inquéritos da PF. Esta não é uma injúria nem sequer uma hipoótese; mas a constatação de um fato. O problema é que o delegado Segóvia é uma Cristiane Brasil de calças. Ela teve a posse suspensa; ele deveria ter sido demitido. (Comentário no Jornal Eldorado da Rádio Eldorado – FM 107;3 – na segunda-feira 12 de fevereiro de 2018; às 7h30m) Para ouvir clique aqui e; em seguida; no play Para ouvir a marcha do Bola Preta; com Cármen Costa; clique aqui Abaixo; a íntegra da degravação do comentário Eldorado 12 de fevereiro de 2018 – Segunda-feira SONORA Marcha do bola preta; Carmen Costa https://www.youtube.com/watch?v=_8VWzLuZwyw – Começar do começo O diretor-geral da PF; Fernando Segovia; afirmou à Coluna que não pedirá demissão do cargo por causa da polêmica em torno de suas declarações à agência Reuters. Você acha que o caso é de demissão? O delegado sugeriu; segundo noticiado pelo site de notícias; que o inquérito que investiga o presidente Michel Temer deve ser arquivado. Segovia alegou que foi mal interpretado sobre suas declarações. Na próxima semana; Segovia terá que se explicar ao ministro Luís Roberto Barroso; do Supremo; relator do inquérito contra Temer. O ministro tomou a decisão com base na reportagem da Reuters. Ontem a agência de notícias retificou informação de que Segovia afirmou que o inquérito seria arquivado para indicou. Em que isso pode aliviar a lambança cometida pelo policial falastrão? Segundo a Reuters; Segovia afirmou na sexta: “Até agora não apareceu absolutamente nada que desse base de ter uma corrupção…então assim os indícios são muito frágeis; na realidade; de que haja ou que houve algum tipo de influência realmente porque em tese o decreto não foi feito para beneficiar aquela empresa.” (Leonel Rocha). A declaração de Segovia é completamente desastrada. Aliás não é a primeira. Tanto que já o apelidei de Fernando Por qué no te callas Segóvia desde logo após sua posse. Ele tende a falar demais e não é por acaso que sempre está armando alguma defesa prévia do presidente que o nomeou. A primeira patacoada de sua lavra foi quando tentou transformar a corridinha ridícula e suspeita de Rodrigo Rocha Loures com uma mala contendo 500 mil dólares na porta da pizzaria Camelo; em algum corriqueiro; não criminoso. Então; já ficou claro que sua nomeação não foi para outra coisa senão para livrar a cara do chefão nos inquéritos da PF. Ninguém duvidou um muito minuto que a assertiva indicou para usar o verbo com que a agência alemã de notícias caiu na galhofa geral em ple no carnaval; nem mais um segundo de que esta não é uma hipótese nem muito menos uma injúria; mas a simples autenticidade de um fato óbvio. Aliás; cada vez mais reúnem-se as evidências de que Segóvia é uma espécie de Cristiane Brasil de calças. Até Sarney no meio da nomeação ambos têm. Cristiane foi escolhida depois de Sarney ter vetado a nomeação do preferido da bancada do PTB para o Ministério do Trabalho; Pedro Fernandes; uma obviedade mesmo com todos os desmentidos; que não são mais do que desculpas amarelas. E Segóvia recebeu todas as recomendações do soba maranhense. Ele; afinal; conseguiu a proeza de dirigir o Maranhão durante o reinado da dinastia Sarney e não apenas desconfiar de nada por ela praticado como até sair de lá com todas as cartas e mensagens de recomendação possível para o coleguinha emedebista Michel Temer. Apesar da tentativa de atenuar a declaração infeliz; o ministro do STF Luis Roberto Barroso intimou Segovia a dar explicações a respeito. Será que o diretor da PF teria o que explicar? Barroso não esperou nem o carnaval passar para escrever a respeito. E escreveu o seguinte: “Tendo em vista que tal conduta; se confirmada; é manifestamente imprópria e pode; em tese; caracterizar infração administrativa e até mesmo penal; determino a intimação do Senhor Diretor da Polícia Federal; delegado Fernando Segovia; para que confirme as declarações que foram publicadas; preste os esclarecimentos que lhe pareçam próprios e se abstenha de novas manifestações a respeito”. O ministro também pede que o Ministério Público Federal; como órgão de controle externo das atividades policiais; tome as providências “que entender cabíveis”. No despacho; Barroso lembra que o inquérito contra Temer ainda não foi concluído; que Segovia sinaliza para a possibilidade de punição ao delegado Cleyber Malta Lopes (que conduz o inquérito); que diligências ainda estão em curso “razão pela qual não devem ser objeto de comentários públicos” e que Segovia ainda não recebeu o relatório do delegado responsável; parecer da Procuradoria Geral da República (PGR) ou qualquer manifestação oficial dele; que é o relator do caso na Corte. A preocupação de Barroso é justa e; como dizia o bambabam da Justiça no começo dos desgovernos Lula e Dilma; Márcio Thomaz Bastos; republicana. Afinal; o diretor da PF está jogando por terra a reputação de uma instituição que sempre foi manchada como um braço do Estado policial desde a época da ditadura militar e vinha recuperando sua imagem desde que jovens delegados com missão e espírito públicos a transformaram num exemplo para a sociedade que já chegou até a fazer manifestação de rua abraçando-a. O desserviço do novo chefão é evidente e cabe exatamente ao MPF e ao STF evitarem que esse desgasta seja inevitável; como também está ocorrendo no caso do auxílio-moradia dos juízes e procuradores que abala a fé e o prestígio desses servidores. Após a intimação ; o diretor-geral da Polícia Federal; Fernando Segovia; ligou; na noite de anteontem; para o ministro relator tentando explicar suas. Fez bem; isso resolve? Não sei se fez bem; pois mostrou um certo açodamento que não dá muita credibilidade às justificativas vazias que ele tentou dar. De qualquer maneira; diante do que ele falou antes esse não é um erro capital. Os dois marcaram um encontro no dia 19; no Supremo Tribunal Federal. Na reunião; Segovia deve se explicar ao ministro. Assessores de Segovia preparam a transcrição da gravação para que o conteúdo seja entregue ao ministro. Aliás deste episódio ninguém sai bem; a não ser Barroso. A mancada foi extensiva à Reuters; uma agência de notícia que não pode ter sua credibilidade posta em dúvida; pois viva dela; e que terminou admitindo que ele não afirmou; mas indicou que o inquérito no porto de Santos tende a inocentar o presidente por falta de provas. A diferença é sutil; mas pode ter valor legal para atenuar a situação de Segóvia. De qualquer maneira; como de hábito; ele falou demais; falou o que não devia e merece não apenas reprimenda como também punição. Uma demissão não me parece viável; mas certamente seria a única forma que Temer teria de evitar que a obviedade de que nomeou um diretor de um órgão de Estado para atender a seus interesses jurídicos pessoais. O pior de tudo é que na entrevista; Segovia fez ressalvas ao trabalho do delegado Cleyber Malta Lopes; responsável pelas 50 perguntas feitas ao presidente. Isso daí nem a troca de afirmar por indicar salva. Segovia também mandou uma carta enviada aos servidores da instituição; o diretor-geral da Polícia Federal negando que tenha anunciado o arquivamento do inquérito sobre supostas irregularidades cometidas pelo presidente Michel Temer na edição do decreto dos portos. De fato; não é o caso. E daí? A lambança está feita e; como no caso de Cristiane Brasil; Temer contar apenas com Marun não resolve nada. Aliás; o ministro da Secretaria de Governo; Carlos Marun; divulgou vídeo ontem no qual faz uma defesa do diretor-geral da Polícia Federal; Fernando Segovia. Segundo o ministro; o delegado tem o “dever de observar inquéritos de grande repercussão; até para que a PF não seja utilizada como instrumento de guerra política”. A iniciativa de Marun ajuda Segovia a sair do embaraço? Marun diz estranhar a “celeuma” em torno das declarações. “Já assisti dezenas; talvez até centenas de entrevistas de delegados; de promotores a respeito de inquéritos em andamento. Por isso até estranho essa celeuma que se estabelece no momento em que o diretor-geral da Polícia Federal verbaliza o óbvio: que num inquérito aonde não existem provas; não existem indícios; que não existe sequer a materialização do ato ilícito; tenha a tendência de ser arquivado”; afirma o ministro no vídeo divulgado ontem. Da mesma forma que as intervenções de Marun no caso da nomeação da filha do ex-presidiário Roberto Jefferson para o Ministério do Trabalho não têm ajudado a suspender a proibição da Justiça; neste caso fica claro que o secretário de governo faz em ambos os episódios o papel do cafuçu (diabo; mequetrefe) do carnaval. Pode até virar Judas no sábado de aleluia. Mudando de assunto; o ministro Edson Fachin; do Supremo Tribunal Federal (STF) negou; de forma liminar; um pedido de habeas corpus do ex-presidente Luiz Inácio Lula da Silva. A decisão foi correta? A defesa do petista solicitou a Suprema Corte que ele fique em liberdade até que o processo contra ele tramite em julgado. A decisão é temporária e ainda será avaliada pelo plenário do tribunal. A partir de agora cabe a ministra Cármen Lúcia; presidente do STF; colocar o assunto na pauta do dia; para que seja votado pelos 11 ministros que integram o colegiado da instituição. A defesa do ex-presidente Lula alega que o imediato cumprimento da pena após condenação em 2a instância de Justiça viola o princípio constitucional da presunção de inocência. Talvez o relator não tenha tido nada diferente a fazer. Agora a questão da prisão de Lula será entregue ao plenário e; se tivesse ido para a Segunda Turma; não há dúvida de que o habeas corpus seria concedido. Vamos esperar para ver como o STF se comporta no caso. O STF (Supremo Tribunal Federal) pretende restringir o alcance do auxílio-moradia pago hoje a magistrados de todo o país. O tema; que tem abalado a imagem impecável dos magistrados perante a opinião pública; será mesmo abordado no plenário do STF ou as associações de magistrados têm alguma oportunidade de empurrá-lo até as calendas? Segundo a Folha de S. Paulo apurou; algumas condicionantes devem ser estabelecidas pelos ministros; como; por exemplo; priorizar o benefício a juízes que trabalham fora de suas cidades –seria o caso de um magistrado transferido para Brasília para atuar por um período limitado em algum gabinete de um tribunal superior. A ministra Cármen Lúcia avisou às entidades da magistratura que deve colocar o assunto em pauta no plenário durante o mês de março. A ideia é julgar a liminar do ministro Luiz Fux; de 2014; que autorizou o pagamento no valor de R$ 4.378 a todos os juízes do país. A decisão incluiu inclusive aqueles com casa própria nas cidades onde trabalham. Uma série de reportagens da Folha tem mostrado casos de juízes que recebem o auxílio mesmo com imóvel próprio na cidade onde trabalham –somente em Brasília; 26 ministros de tribunais superiores se enquadram nesse perfil. Isso ocorre também com os juízes Sergio Moro e Marcelo Bretas ; que atuam na Operação Lava Jato. No domingo (10); o jornal mostrou ainda que Victor Laus e Leandro Paulsen ; dois dos três magistrados federais responsáveis pela condenação do ex-presidente Luiz Inácio Lula da Silva no TRF-4 (Tribunal Regional Federal da 4a Região) adotam essa prática. No Supremo; nenhum deles recebe a ajuda; mas seis dos 11 ministros utilizam imóvel funcional; entre eles Gilmar Mendes; que possui imóvel próprio em Brasília; conforme mostrou a Folha . Certo é que o auxílio-moradia é um tiro no pé da estátua da justiça que andava merecendo o respeito da população depois do mensalão e da Lava Jato. E; como no caso do delegado Segóvia; esse tiro pode desmanchar a imagem positiva que a instituição tem gozado na sociedade brasileira. SONORA Marcha do bola preta; Carmen Costa https://www.youtube.com/watch?v=_8VWzLuZwyw – Começar do começo
true,Marcos Harter é eliminado do BBBSegundo apresentador Tiago Leifert; foram verificados indícios de agressão a Emilly Araújo. Com a decisão; ela; Vivian e Ieda são finalistas do Big Brother Brasil 17.Marcos Harter está eliminado do Big Brother Brasil. O anúncio foi feito pelo apresentador Tiago Leifert no início do programa desta segunda-feira (10) (assista ao vídeo).A decisão foi baseada nas regras do reality show; que proíbem agressão física; e nas investigações da Polícia Civil do Rio; que abriu inquérito para apurar se houve lesão corporal quando o médico de 37 anos discutiu com a estudante Emilly Araújo; de 20 anos; dentro da casa.Leifert disse que; com a abertura do inquérito; o programa falou com Emilly; pela segunda vez; no confessionário. Em uma primeira conversa; ela não havia denunciado nenhuma agressão física."Com base nesse inquérito; tivemos uma nova conversa profunda com a Emily; inclusive com exame médico. Desde o primeiro momento; desde que tudo aconteceu; a Globo agiu firmemente; incansavelmente; a gente envolveu advogados; especialistas; psicólogos. Conversamos muito para tomar uma decisão correta; justa. Na conversa de hoje; ficaram comprovados indícios de agressões físicas. No BBB; agressão gera expulsão; e a decisão foi tomada: o Marcos está eliminado do BBB 17"; explicou Leifert.Pouco depois; o apresentador falou que Marcos havia sido comunicado; e que as outras três participantes – além de Emilly; Vivian e Ieda – estão na final do programa; que será realizada na quinta-feira (13).Após ser avisada; durante a transmissão ao vivo; Emilly começou a chorar muito e foi consolada pelas outras duas participantes (veja a cena). "Por que isso está acontecendo?"; questionava.*Briga após festa*Na madrugada de domingo (9); Marcos e Emilly tiveram uma discussão após uma festa na casa. As câmeras registraram o momento em que Marcos grita com Emilly e a deixa contra a parede."Presta atenção! Presta atenção! Você só está comigo; presta atenção; só mais um pouquinho. Você só está comigo porque eu quero que você ganhe; é isso?"; pergunta Marcos.Depois; na parte externa da casa; Emilly reclama de dor no punho:"Eu não quero saber. Olha aqui; tu me besliscou de novo; Marcos. Tu apertou meu pulso; tá doendo".Marcos argumenta: "Tá; peraí; toda vez que você mostra isso eu tenho que mostrar as vezes que você me unhou".Emilly rebate: "Foi uma vez".Ao G1; a delegada Márcia Noeli; diretora da Divisão de Polícia de Atendimento à Mulher (Dpam); disse: "Pelo que já sabemos; a polêmica começou no fim de semana; quando foram exibidas imagens do rapaz intimidando a moça; falando aos berros e de dedo em riste. Isso já configura violência psicológica; mas teríamos que esperar a vítima procurar a polícia. Quando surgem as imagens em que a moça reclama que o rapaz a machucou; o caso muda para lesão corporal; em que não é necessário aguardar a vítima se manifestar".A delegada titular da Delegacia Especial de Atendimento à Mulher (Deam) de Jacarepaguá; Viviane da Costa; esteve nesta tarde nos Estúdios Globo para pedir as imagens da discussão entre Marcos e Emilly. A delegada concordou com as seguintes medidas:submeter Emilly a um exame clínico; por um médico da Globo; para avaliar a possibilidade de lesão corporal;chamá-la novamente ao confessionário; a fim de que fiquem claros seus direitos; garantidos pela Lei Maria da Penha; inclusive o de ficar distante de Marcos; se assim o desejar.Antes de chegar à decisão final da expulsão; a TV Globo afirmou: "Mais uma vez a Globo reafirma seu repúdio a toda e qualquer forma de violência; tendo evidenciado isso em todas as suas atitudes. Conforme esclarecemos no ar; na edição de ontem [domingo] do BBB; discussões como a que houve entre Marcos e Emilly; na madrugada de domingo; podem levar a agressões físicas; o que não é admissível. Nem no programa nem fora dele. Pelas regras do BBB; inclusive; agressões físicas são punidas com expulsão imediata. Por isso; a direção do programa chamou Marcos e Emilly; separadamente; ao confessionário no domingo. Marcos foi repreendido e alertado sobre seu comportamento e; a Emilly; foi reforçado todo apoio e abertura para reclamações e denúncias sobre qualquer participante; inclusive o parceiro. Na ocasião; Emilly não denunciou nenhuma agressão física."
true,STF libera conteúdo da delação dos donos da JBS; veja principais pontos. Donos da JBS entregaram gravações que colocam Temer e Aécio sob suspeita. Empresários relatam propinas que também envolvem nomes do PT..  O Supremo Tribunal Federal liberou; nesta sexta-feira (19); o conteúdo das delações premiadas dos empresários Joesley e Wesley Batista; donos da JBS; no âmbito da Operação Lava Jato. As delações foram homologadas pelo ministro Luiz Edson Fachin; relator da Lava Jato na Corte. Veja abaixo os principais pontos da delação da JBS: Joesley Batista gravou conversa com o presidente Michel Temer no Palácio do Jaburu. O empresário disse aos investigadores que ele e Temer discutiram a compra do silêncio de Eduardo Cunha (PMDB-RJ). O objetivo era evitar que Cunha fizesse delação. No pedido de investigação contra Temer; o Procurador-geral da República; Rodrigo Janot; diz que houve “anuência” de Temer ao pagamento de propina mensal para o ex-deputado. Em nota na quarta-feira; a Presidência negou que os dois tivessem conversado sobre como evitar uma eventual delação de Eduardo Cunha. Na quinta; Temer disse que não pediu a Joesley que ajudasse Cunha; não comprou o silêncio de ninguém e não teme delação. O empresário Joesley Batista afirmou em depoimento de delação premiada que ouviu em conversa com Michel Temer que o presidente poderia "ajudar" Eduardo Cunha junto a dois ministos do Supremo Tribunal Federal (STF). Joesley Batista também entregou ao MPF gravação na qual Aécio Neves (PSDB-MG) pede a ele R$ 2 milhões para pagar as despesas com advogados que o defendem em processos na Lava Jato. ( Clique aqui para ouvir o áudio da conversa entre Aécio e Joesley ). Com base no que os delatores informaram; o ministro Luiz Edson Fachin determinou o afastamento de Aécio do mandato de senador. No depoimento de Ricardo Saud; executivo da J&F; que é holding e dona da JBS; ele confirmou o pedido de dinheiro do senador Aécio Neves. (Veja abaixo reportagem do Jornal Hoje) No pedido de abertura de inquérito; Janot diz que verifica-se que Aécio em articulação; dentre outros; com o presidente Michel Temer tem buscado impedir que as investigações da Lava Jato avancem ; seja por meio de medidas legislativas; seja por meio de indicações de delegados de polícia que conduzirão os inquéritos. Desta forma vislumbra-se também obstrução de Justiça. (Veja abaixo reportagem do Jornal Hoje) Em conversa gravada entre o senador afastado Aécio Neves (PSDB-MG) e o dono do frigorífico JBS Joesley Batista; o tucano conta ao empresário que o presidente Michel Temer pediu a ele que retirasse a ação contra a chapa Dilma-Termer no Tribunal Superior Eleitoral (TSE) depois que Dilma Rousseff sofreu impeachment. Roberto Saud; diretor da JBS; disse que o presidente Michel Temer teria recebido R$ 15 milhões do Partido dos Trabalhadores para financiar sua campanha à Vice-Presidência; em 2014; mas decidiu "guardar" R$ 1 milhão. O total de R$ 15 milhões foi distribuído assim; segundo Saud: O dono da JBS; Joesley Batista; disse que transferiu para contas no exterior US$ 70 milhões destinados ao ex-presidente Luiz Inácio Lula da Silva e mais US$ 80 milhões em conta; também no exterior; em benefício da ex-presidente Dilma Roussef. ( Clique aqui para ler a reportagem completa ou veja; no VÍDEO ABAIXO; a partir de 29 minutos e 30 segundos ). Joesley Batista afirmou ter sido procurado por João Bacelar (PR) para comprar votos contra o impeachment de Dilma. Segundo o empresário; o deputado apresentou uma lista com 30 deputados que poderiam ser "comprados" por R$ 5 milhões cada um. O empresário diz ter "comprado" cinco deputados por R$ 3 milhões cada. Perguntado pelos investigadores; ele diz que não se lembrava dos nomes dos que foram comprados e não tinha a lista. Uma das pendências da JBS era a compra de gás. Os delatores apontam que o presidente Michel Temer indicou o então deputado Rodrigo Rocha Loures para resolver uma disputa relativa ao preço do gás boliviano fornecido pela Petrobras à termelétrica do grupo JBS. Na delação; Joesley gravou uma conversa do deputado; agora afastado; Rocha Loures; na qual Loures conversa com conselheiro do Cade em busca do favorecimento para a JBS. Pelo serviço; Joesley ofereceu propina de 5%; e o deputado deu o aval. Na delação; Joesley contou que pagou R$ 30 milhões em propina para eleger Eduardo Cunha (PMDB) na Câmara. Segundo empresário; peemedebista saiu comprando deputados Brasil a fora. (Veja abaixo VÌDEO com reportagem do Jornal Hoje ou clique aqui para ler no G1 ) Segundo Joesley; os pagamentos foram feitos da seguinte forma: Joesley menciona um pagamento de R$ 5 milhões para saldar uma suposta dívida de Cunha . "Depois que ele foi preso; a gente pagou cinco milhões de um saldo de dívida que ele tinha. Supostos créditos ilícitos de propina que tinha ficado num saldo anterior". (Veja abaixo reportagem do Jornal Hoje) O executivo da J&F Ricardo Saud afirmou que havia uma senha para tratar de propinas para Eduardo Cunha (PMDB) . Sobre repasses a Cunha; executivo diz que senha era: "Está dando alpiste pros passarinhos?". Na delação; Joesley Batista relata pagamento de R$ 6 milhões em notas frias a José Serra. (Veja reportagem da GloboNews) Em um dos vídeos que integram a delação; Joesley Batista detalha como funcionava a corrupção e como se aproximou de Temer . Ele conta que muitas vezes; a propina era disfarçada de doação política. (Veja abaixo reportagem do Jornal Hoje) Segundo Joesley; a empresa pagou; nos últimos anos; cerca de R$ 400 milhões em propina a políticos . O diretor do frigorífico JBS Ricardo Saud afirmou à Procuradoria-Geral da República que pagou R$ 35 milhões em propina a cinco atuais e ex-senadores do PMDB para garantir o apoio de todo o partido à reeleição de Dilma Rousseff nas eleições de 2014. De acordo com a denúncia um grupo de senadores estava ameaçando dar apoio ao candidato Aécio Neves (PSDB). (Veja abaixo reportagem do Jornal Hoje) O diretor do frigorífico JBS Ricardo Saud disse que a empresa disponibilizou uma conta com R$ 300 milhões em propina para serem usados pela campanha de Dilma e Temer em 2014 . O dinheiro; de acordo com o ele; saiu do Banco Nacional de Desenvolvimento Econômico e Social (BNDES) e de “fundos”. Questionado por um dos procuradores; disse que não existiam duas campanhas distintas. “(...) Era uma campanha única. O dinheiro saída do PT e ia para o PMDB; do PMDB pro PT”; afirmou Saud. Também como parte da delação; Joesley Batista deu detalhes de esquema dentro do Ministério da Agricultura. (Veja abaixo vídeo da GloboNews) Joesley Batista afirmou ter recebido um pedido de Temer para pagamento de mensalinho no valor de R$ 100 mil a Wagner Rossi; então ministro da Agricultura. Ainda segundo o delator; em agosto e setembro de 2010; Temer fez outro pedido para pagamento de R$ 240 mil em propina à empresa Ilha Produções; com sede em Ribeirão Preto (SP) e que tem como donos filhos de Wagner Rossi. O ex-ministro também é pai do deputado federal Baleia Rossi; atual líder do PMDB na Câmara. Em nota; a assessoria de comunicação da Presidência informou que Michel Temer não solicitou pagamentos a quem quer que seja. Procurado; Wagner Rossi afirmou que o texto da delação não cita que ele tenha participado de reunião para tratar de qualquer ilícito. A Ilha Produções declarou ter prestado serviços ao Grupo JBS e que emitiu notas fiscais pelos trabalhos executados. Joesley Batista falou de sua relação com o procurador Ângelo Villela; que foi preso como consequência das investigações. Ele contou que o procurador gravou e repassou o áudio do depoimento de um ex-sócio investigado pela Justiça na Operação Greenfield. (Veja abaixo o vídeo) O dono do frigorífico JBS Joesley Batista disse em delação premiada na Lava Jato que vendeu um " imóvel superfaturado por R$ 17 milhões " a uma pessoa indicada por Aécio Neves e que o objetivo da transação era fazer o dinheiro chegar até o senador do PSDB de Minas. Segundo Joesley; o pagamento foi por via bancária "oficial". A Polícia Federal apresentou registros de uma conversa telefônica entre o senador afastado Aécio Neves (PSDB-MG) e o ministro Gilmar Mendes ; do STF; combinando supostas articulações para a tramiação do projeto de lei que endurece as punições para autoridades que cometem abuso. Ricardo Saud; diretor de relações institucionais do grupo; contou aos procuradores que conseguiu uma nova fábrica novinha para a JBS sem pagar nada para a antiga dona; a BRF. O benefício foi conquistado com ajuda do ex-governador Sérgio Cabral; que recebeu R$ 27;5 milhões em propinas; de acordo com o delator. O empresário Joesley Batista afirma ter pago R$ 6 milhões ao então presidente do PRB; Marcos Pereira . O pagamento teria sido feito em 2015 e 2016. O grupo JBS pediu a intervenção do presidente Michel Temer para resolver uma pendência entre a Petrobras e uma usina termelétrica do grupo J&F. Em sua delação; Ricardo Saud relata ter se encontrado com o deputado Rodrigo Rocha Loures (PMDB); apontado como representante de Temer. Os dois combinaram que a propina a ser paga seria de R$ 500 mil por semana durante 20 anos; que é o tempo do contrato da termelétrica com a Petrobras. Ou seja; R$ 480 milhões de propina ao longo de duas décadas . ( Veja o vídeo com a sequência em que deputado Rocha Loures recebe dinheiro da JBS ) Pelo menos cinco políticos do Rio Grande do Sul receberam pagamentos de vantagens indevidas da JBS em troca de apoio; conforme depoimento de Ricardo Saud. O delator cita os deputados federais Alceu Moreira (PMDB-RS); Onyx Lorenzoni (DEM-RS) e Jerônimo Goërgen (PP-RS) e os ex-deputados federais Paulo Ferreira (PT-RS); ex-tesoureiro do partido; e Beto Albuquerque (PSB-RS).
true,Deputado do DEM e ex-ministro de Dilma integram Conselho da República. Câmara enviará ofício sobre a indicação de seus representantes a Temer; órgão discute questões como a intervenção federal.  BRASÍLIA - O plenário da Câmara dos Deputados aprovou na noite desta quarta-feira; 14; a escolha do deputado José Carlos Aleluia (DEM-BA) e do ex-ministro da Justiça do governo Dilma Rousseff (PT) Eugênio Aragão para integrar o Conselho da República. A Casa enviará um ofício comunicando a indicação de seus representantes ao presidente Michel Temer (MDB). +++ Carta de Eugênio Aragão a Deltan Dallagnol O Conselho da República é um órgão de consulta da Presidência da República para questões como intervenção federal; estado de defesa e estado de sítio. A legislação prevê a possibilidade de seis representantes da sociedade civil serem convocados para integrar especificamente o Conselho da República; sendo dois indicados pela Presidência; dois pelo Câmara dos Deputados e outros dois pelo Senado. Segundo a lei; o Conselho da República pode; entre outras atribuições; "requisitar de órgãos e entidades públicas as informações e estudos que se fizerem necessários". +++ MPF irá fiscalizar ações da intervenção federal na segurança do Rio Polêmico; Eugênio Aragão foi vice-procurador geral eleitoral e em 2016 foi ministro da Justiça da petista Dilma Rousseff nos últimos meses de seu mandato. Sua candidatura foi indicada pelo PT. No segundo turno da votação; Aragão venceu o ex-presidente da Ordem dos Advogados do Brasil (OAB) Marcello Lavenére por 156 votos a 97. +++ Duas grávidas são mortas na região metropolitana do Rio Lavenére - indicado pelo PC do B - foi um dos autores do pedido de impeachment do ex-presidente e hoje senador Fernando Collor de Mello (PTC-AL) e foi testemunha de defesa de Dilma no processo de afastamento da petista durante a análise no Senado. Como ficou em segundo lugar; Lavenére será suplente. Ao total foram inscritos dez candidatos e; como nunca houve eleição para representantes no Conselho da República; os partidos acordaram que seria eleito um representante do bloco de oposição e um da base aliada. O suplente do bloco governista será o deputado Capitão Augusto (PR-SP); da bancada da bala; que perdeu a vaga de titular para Aleluia por 168 votos a 135. Entre os nomes inscritos para o pleito estavam o do deputado Marcelo Squassoni (PRB-SP); os tucanos Carlos Sampaio (SP) e Bonifácio de Andrada (MG). O mineiro; no entanto; abriu mão de sua candidatura pouco antes da votação. O PPS chegou a indicar a cientista política e especialista em segurança pública e política de drogas Ilona Szabó. O PSOL apresentou o nome da cientista social Mônica Santos Francisco; e o Avante indicou Marco Antônio Badaró Bianchini; ex-comandante geral da Polícia Militar de Minas Gerais. Além do presidente da República; integram o conselho o presidente da Câmara dos Deputados; o presidente do Senado; ministros de Estado; líderes da maioria e minoria no Congresso e os comandantes da Marinha; da Aeronáutica e do Exército. Para as duas vagas que têm direito; o Executivo indicou o ex-diretor geral da Agência Nacional de Transportes Terrestres (ANTT) Jorge Luiz Macedo Bastos e o ex-ministro do Supremo Tribunal Federal (STF) Carlos Velloso. O Senado não tem previsão de quando fará a escolha de seus representantes no colegiado. / COLABOROU JULIA LINDNER
